Registro_ID,Fecha,Turno,Maquina,Tiempo_Planeado_min,Downtime_Total_min,Piezas_Producidas,Piezas_Buenas,Piezas_Defectuosas,Ciclo_Ideal_seg
1,2025-01-01,Mañana,M1,480,133,1309,1233,76,12.0
2,2025-01-01,Mañana,M2,480,9,1839,1773,66,12.6
3,2025-01-01,Mañana,M3,480,5,1764,1715,49,13.2
4,2025-01-01,Mañana,M4,480,59,1444,1425,19,13.8
5,2025-01-01,Tarde,M1,480,203,1138,1098,40,12.0
6,2025-01-01,Tarde,M2,480,89,1798,1700,98,12.6
7,2025-01-01,Tarde,M3,480,27,1672,1586,86,13.2
8,2025-01-01,Tarde,M4,480,5,1929,1903,26,13.8
9,2025-01-01,Noche,M1,480,115,1692,1669,23,12.0
10,2025-01-01,Noche,M2,480,24,1793,1770,23,12.6
11,2025-01-01,Noche,M3,480,30,1951,1886,65,13.2
12,2025-01-01,Noche,M4,480,0,1907,1816,91,13.8
13,2025-01-02,Mañana,M1,480,16,1756,1683,73,12.0
14,2025-01-02,Mañana,M2,480,7,1901,1811,90,12.6
15,2025-01-02,Mañana,M3,480,7,2072,1968,104,13.2
16,2025-01-02,Mañana,M4,480,57,1475,1429,46,13.8
17,2025-01-02,Tarde,M1,480,15,1924,1815,109,12.0
18,2025-01-02,Tarde,M2,480,13,2164,2039,125,12.6
19,2025-01-02,Tarde,M3,480,15,1603,1539,64,13.2
20,2025-01-02,Tarde,M4,480,107,1305,1283,22,13.8
21,2025-01-02,Noche,M1,480,101,1581,1516,65,12.0
22,2025-01-02,Noche,M2,480,10,1982,1896,86,12.6
23,2025-01-02,Noche,M3,480,0,1893,1853,40,13.2
24,2025-01-02,Noche,M4,480,14,1956,1923,33,13.8
25,2025-01-03,Mañana,M1,480,52,1731,1657,74,12.0
26,2025-01-03,Mañana,M2,480,146,1458,1379,79,12.6
27,2025-01-03,Mañana,M3,480,156,1106,1087,19,13.2
28,2025-01-03,Mañana,M4,480,125,1391,1338,53,13.8
29,2025-01-03,Tarde,M1,480,0,2002,1956,46,12.0
30,2025-01-03,Tarde,M2,480,34,1874,1810,64,12.6
31,2025-01-03,Tarde,M3,480,0,1998,1950,48,13.2
32,2025-01-03,Tarde,M4,480,0,1875,1840,35,13.8
33,2025-01-03,Noche,M1,480,257,917,901,16,12.0
34,2025-01-03,Noche,M2,480,92,1700,1624,76,12.6
35,2025-01-03,Noche,M3,480,85,1557,1503,54,13.2
36,2025-01-03,Noche,M4,480,70,1674,1628,46,13.8
37,2025-01-04,Mañana,M1,480,0,2088,1987,101,12.0
38,2025-01-04,Mañana,M2,480,0,2041,2012,29,12.6
39,2025-01-04,Mañana,M3,480,0,1903,1833,70,13.2
40,2025-01-04,Mañana,M4,480,174,1122,1102,20,13.8
41,2025-01-04,Tarde,M1,480,0,1938,1866,72,12.0
42,2025-01-04,Tarde,M2,480,98,1539,1505,34,12.6
43,2025-01-04,Tarde,M3,480,92,1608,1554,54,13.2
44,2025-01-04,Tarde,M4,480,0,1801,1741,60,13.8
45,2025-01-04,Noche,M1,480,0,2039,1978,61,12.0
46,2025-01-04,Noche,M2,480,57,1815,1783,32,12.6
47,2025-01-04,Noche,M3,480,0,1958,1936,22,13.2
48,2025-01-04,Noche,M4,480,138,1424,1396,28,13.8
49,2025-01-05,Mañana,M1,480,0,1855,1835,20,12.0
50,2025-01-05,Mañana,M2,480,0,2073,2045,28,12.6
51,2025-01-05,Mañana,M3,480,58,1716,1624,92,13.2
52,2025-01-05,Mañana,M4,480,131,1282,1246,36,13.8
53,2025-01-05,Tarde,M1,480,49,2025,1973,52,12.0
54,2025-01-05,Tarde,M2,480,139,1572,1512,60,12.6
55,2025-01-05,Tarde,M3,480,73,1723,1698,25,13.2
56,2025-01-05,Tarde,M4,480,11,1945,1892,53,13.8
57,2025-01-05,Noche,M1,480,0,1878,1788,90,12.0
58,2025-01-05,Noche,M2,480,54,1555,1476,79,12.6
59,2025-01-05,Noche,M3,480,194,1086,1056,30,13.2
60,2025-01-05,Noche,M4,480,88,1461,1443,18,13.8
61,2025-01-06,Mañana,M1,480,0,1864,1785,79,12.0
62,2025-01-06,Mañana,M2,480,396,303,287,16,12.6
63,2025-01-06,Mañana,M3,480,88,1621,1568,53,13.2
64,2025-01-06,Mañana,M4,480,159,1107,1071,36,13.8
65,2025-01-06,Tarde,M1,480,164,1543,1474,69,12.0
66,2025-01-06,Tarde,M2,480,17,1736,1640,96,12.6
67,2025-01-06,Tarde,M3,480,167,1261,1225,36,13.2
68,2025-01-06,Tarde,M4,480,416,269,255,14,13.8
69,2025-01-06,Noche,M1,480,138,1520,1488,32,12.0
70,2025-01-06,Noche,M2,480,79,1660,1573,87,12.6
71,2025-01-06,Noche,M3,480,26,1612,1595,17,13.2
72,2025-01-06,Noche,M4,480,11,1953,1900,53,13.8
73,2025-01-07,Mañana,M1,480,68,1984,1916,68,12.0
74,2025-01-07,Mañana,M2,480,40,1729,1657,72,12.6
75,2025-01-07,Mañana,M3,480,6,1691,1663,28,13.2
76,2025-01-07,Mañana,M4,480,102,1411,1350,61,13.8
77,2025-01-07,Tarde,M1,480,0,1906,1884,22,12.0
78,2025-01-07,Tarde,M2,480,0,1860,1825,35,12.6
79,2025-01-07,Tarde,M3,480,0,1696,1640,56,13.2
80,2025-01-07,Tarde,M4,480,0,1740,1679,61,13.8
81,2025-01-07,Noche,M1,480,14,1791,1695,96,12.0
82,2025-01-07,Noche,M2,480,73,1787,1753,34,12.6
83,2025-01-07,Noche,M3,480,0,1822,1760,62,13.2
84,2025-01-07,Noche,M4,480,61,1741,1680,61,13.8
85,2025-01-08,Mañana,M1,480,15,1873,1830,43,12.0
86,2025-01-08,Mañana,M2,480,10,1847,1818,29,12.6
87,2025-01-08,Mañana,M3,480,86,1609,1547,62,13.2
88,2025-01-08,Mañana,M4,480,17,1584,1554,30,13.8
89,2025-01-08,Tarde,M1,480,5,2067,2004,63,12.0
90,2025-01-08,Tarde,M2,480,69,1857,1763,94,12.6
91,2025-01-08,Tarde,M3,480,79,1600,1539,61,13.2
92,2025-01-08,Tarde,M4,480,17,1706,1646,60,13.8
93,2025-01-08,Noche,M1,480,10,2076,2040,36,12.0
94,2025-01-08,Noche,M2,480,213,1047,995,52,12.6
95,2025-01-08,Noche,M3,480,13,1822,1767,55,13.2
96,2025-01-08,Noche,M4,480,118,1468,1439,29,13.8
97,2025-01-09,Mañana,M1,480,0,1890,1795,95,12.0
98,2025-01-09,Mañana,M2,480,20,1832,1772,60,12.6
99,2025-01-09,Mañana,M3,480,118,1577,1513,64,13.2
100,2025-01-09,Mañana,M4,480,0,2016,1933,83,13.8
101,2025-01-09,Tarde,M1,480,14,2033,1922,111,12.0
102,2025-01-09,Tarde,M2,480,12,2052,2029,23,12.6
103,2025-01-09,Tarde,M3,480,41,1565,1532,33,13.2
104,2025-01-09,Tarde,M4,480,194,976,938,38,13.8
105,2025-01-09,Noche,M1,480,90,1876,1791,85,12.0
106,2025-01-09,Noche,M2,480,0,2017,1936,81,12.6
107,2025-01-09,Noche,M3,480,260,841,831,10,13.2
108,2025-01-09,Noche,M4,480,72,1471,1431,40,13.8
109,2025-01-10,Mañana,M1,480,36,1878,1774,104,12.0
110,2025-01-10,Mañana,M2,480,5,2041,2003,38,12.6
111,2025-01-10,Mañana,M3,480,5,2114,2040,74,13.2
112,2025-01-10,Mañana,M4,480,7,1967,1928,39,13.8
113,2025-01-10,Tarde,M1,480,0,1820,1759,61,12.0
114,2025-01-10,Tarde,M2,480,9,1952,1890,62,12.6
115,2025-01-10,Tarde,M3,480,117,1340,1284,56,13.2
116,2025-01-10,Tarde,M4,480,56,1661,1643,18,13.8
117,2025-01-10,Noche,M1,480,0,1927,1843,84,12.0
118,2025-01-10,Noche,M2,480,0,1769,1681,88,12.6
119,2025-01-10,Noche,M3,480,0,1963,1920,43,13.2
120,2025-01-10,Noche,M4,480,0,1681,1604,77,13.8
121,2025-01-11,Mañana,M1,480,30,1701,1669,32,12.0
122,2025-01-11,Mañana,M2,480,27,1910,1866,44,12.6
123,2025-01-11,Mañana,M3,480,92,1379,1306,73,13.2
124,2025-01-11,Mañana,M4,480,40,1802,1696,106,13.8
125,2025-01-11,Tarde,M1,480,5,2280,2244,36,12.0
126,2025-01-11,Tarde,M2,480,21,2056,2015,41,12.6
127,2025-01-11,Tarde,M3,480,0,1705,1612,93,13.2
128,2025-01-11,Tarde,M4,480,124,1220,1163,57,13.8
129,2025-01-11,Noche,M1,480,0,2132,2085,47,12.0
130,2025-01-11,Noche,M2,480,25,1773,1706,67,12.6
131,2025-01-11,Noche,M3,480,75,1633,1590,43,13.2
132,2025-01-11,Noche,M4,480,58,1585,1515,70,13.8
133,2025-01-12,Mañana,M1,480,24,2074,2026,48,12.0
134,2025-01-12,Mañana,M2,480,112,1369,1291,78,12.6
135,2025-01-12,Mañana,M3,480,41,1832,1740,92,13.2
136,2025-01-12,Mañana,M4,480,233,1033,1014,19,13.8
137,2025-01-12,Tarde,M1,480,98,1847,1785,62,12.0
138,2025-01-12,Tarde,M2,480,98,1506,1437,69,12.6
139,2025-01-12,Tarde,M3,480,0,1794,1728,66,13.2
140,2025-01-12,Tarde,M4,480,28,1867,1847,20,13.8
141,2025-01-12,Noche,M1,480,163,1275,1256,19,12.0
142,2025-01-12,Noche,M2,480,11,1696,1678,18,12.6
143,2025-01-12,Noche,M3,480,99,1334,1293,41,13.2
144,2025-01-12,Noche,M4,480,106,1302,1277,25,13.8
145,2025-01-13,Mañana,M1,480,261,865,840,25,12.0
146,2025-01-13,Mañana,M2,480,39,1861,1789,72,12.6
147,2025-01-13,Mañana,M3,480,0,2076,2028,48,13.2
148,2025-01-13,Mañana,M4,480,0,1991,1876,115,13.8
149,2025-01-13,Tarde,M1,480,122,1373,1301,72,12.0
150,2025-01-13,Tarde,M2,480,31,1734,1641,93,12.6
151,2025-01-13,Tarde,M3,480,185,1257,1193,64,13.2
152,2025-01-13,Tarde,M4,480,43,1853,1776,77,13.8
153,2025-01-13,Noche,M1,480,30,1742,1659,83,12.0
154,2025-01-13,Noche,M2,480,204,1193,1178,15,12.6
155,2025-01-13,Noche,M3,480,39,1662,1594,68,13.2
156,2025-01-13,Noche,M4,480,0,1983,1867,116,13.8
157,2025-01-14,Mañana,M1,480,22,1974,1879,95,12.0
158,2025-01-14,Mañana,M2,480,38,1963,1876,87,12.6
159,2025-01-14,Mañana,M3,480,0,1677,1604,73,13.2
160,2025-01-14,Mañana,M4,480,9,1739,1640,99,13.8
161,2025-01-14,Tarde,M1,480,230,1003,983,20,12.0
162,2025-01-14,Tarde,M2,480,0,2056,1998,58,12.6
163,2025-01-14,Tarde,M3,480,78,1425,1409,16,13.2
164,2025-01-14,Tarde,M4,480,52,1423,1368,55,13.8
165,2025-01-14,Noche,M1,480,27,1704,1681,23,12.0
166,2025-01-14,Noche,M2,480,10,2036,1929,107,12.6
167,2025-01-14,Noche,M3,480,5,1739,1636,103,13.2
168,2025-01-14,Noche,M4,480,0,1804,1731,73,13.8
169,2025-01-15,Mañana,M1,480,51,1625,1603,22,12.0
170,2025-01-15,Mañana,M2,480,23,2032,1992,40,12.6
171,2025-01-15,Mañana,M3,480,0,1688,1618,70,13.2
172,2025-01-15,Mañana,M4,480,5,1806,1724,82,13.8
173,2025-01-15,Tarde,M1,480,33,2007,1935,72,12.0
174,2025-01-15,Tarde,M2,480,12,1753,1660,93,12.6
175,2025-01-15,Tarde,M3,480,0,2126,2069,57,13.2
176,2025-01-15,Tarde,M4,480,0,1944,1861,83,13.8
177,2025-01-15,Noche,M1,480,315,656,628,28,12.0
178,2025-01-15,Noche,M2,480,0,1730,1691,39,12.6
179,2025-01-15,Noche,M3,480,185,1184,1147,37,13.2
180,2025-01-15,Noche,M4,480,79,1594,1506,88,13.8
181,2025-01-16,Mañana,M1,480,0,1931,1818,113,12.0
182,2025-01-16,Mañana,M2,480,0,2163,2089,74,12.6
183,2025-01-16,Mañana,M3,480,14,1763,1694,69,13.2
184,2025-01-16,Mañana,M4,480,0,1752,1650,102,13.8
185,2025-01-16,Tarde,M1,480,66,1614,1520,94,12.0
186,2025-01-16,Tarde,M2,480,8,1954,1902,52,12.6
187,2025-01-16,Tarde,M3,480,44,1503,1433,70,13.2
188,2025-01-16,Tarde,M4,480,50,1630,1538,92,13.8
189,2025-01-16,Noche,M1,480,0,1867,1807,60,12.0
190,2025-01-16,Noche,M2,480,208,972,917,55,12.6
191,2025-01-16,Noche,M3,480,80,1448,1385,63,13.2
192,2025-01-16,Noche,M4,480,17,1911,1875,36,13.8
193,2025-01-17,Mañana,M1,480,142,1523,1478,45,12.0
194,2025-01-17,Mañana,M2,480,223,931,877,54,12.6
195,2025-01-17,Mañana,M3,480,119,1518,1443,75,13.2
196,2025-01-17,Mañana,M4,480,25,1663,1589,74,13.8
197,2025-01-17,Tarde,M1,480,21,1841,1816,25,12.0
198,2025-01-17,Tarde,M2,480,70,1635,1587,48,12.6
199,2025-01-17,Tarde,M3,480,118,1240,1216,24,13.2
200,2025-01-17,Tarde,M4,480,0,1876,1774,102,13.8
201,2025-01-17,Noche,M1,480,54,1723,1682,41,12.0
202,2025-01-17,Noche,M2,480,51,1726,1699,27,12.6
203,2025-01-17,Noche,M3,480,0,1978,1941,37,13.2
204,2025-01-17,Noche,M4,480,44,1773,1707,66,13.8
205,2025-01-18,Mañana,M1,480,0,2149,2026,123,12.0
206,2025-01-18,Mañana,M2,480,88,1501,1428,73,12.6
207,2025-01-18,Mañana,M3,480,23,1838,1805,33,13.2
208,2025-01-18,Mañana,M4,480,33,1701,1665,36,13.8
209,2025-01-18,Tarde,M1,480,23,1938,1850,88,12.0
210,2025-01-18,Tarde,M2,480,63,1525,1504,21,12.6
211,2025-01-18,Tarde,M3,480,11,1772,1749,23,13.2
212,2025-01-18,Tarde,M4,480,5,1805,1708,97,13.8
213,2025-01-18,Noche,M1,480,114,1607,1533,74,12.0
214,2025-01-18,Noche,M2,480,63,1569,1500,69,12.6
215,2025-01-18,Noche,M3,480,0,1905,1877,28,13.2
216,2025-01-18,Noche,M4,480,53,1562,1535,27,13.8
217,2025-01-19,Mañana,M1,480,37,1815,1773,42,12.0
218,2025-01-19,Mañana,M2,480,48,1687,1637,50,12.6
219,2025-01-19,Mañana,M3,480,131,1265,1194,71,13.2
220,2025-01-19,Mañana,M4,480,0,1957,1901,56,13.8
221,2025-01-19,Tarde,M1,480,294,725,687,38,12.0
222,2025-01-19,Tarde,M2,480,41,1580,1554,26,12.6
223,2025-01-19,Tarde,M3,480,43,1772,1697,75,13.2
224,2025-01-19,Tarde,M4,480,0,1594,1516,78,13.8
225,2025-01-19,Noche,M1,480,5,2160,2033,127,12.0
226,2025-01-19,Noche,M2,480,16,1708,1632,76,12.6
227,2025-01-19,Noche,M3,480,0,1892,1779,113,13.2
228,2025-01-19,Noche,M4,480,27,1878,1817,61,13.8
229,2025-01-20,Mañana,M1,480,0,2003,1942,61,12.0
230,2025-01-20,Mañana,M2,480,31,1866,1828,38,12.6
231,2025-01-20,Mañana,M3,480,0,1757,1654,103,13.2
232,2025-01-20,Mañana,M4,480,22,1642,1566,76,13.8
233,2025-01-20,Tarde,M1,480,12,2177,2059,118,12.0
234,2025-01-20,Tarde,M2,480,25,1942,1859,83,12.6
235,2025-01-20,Tarde,M3,480,31,1570,1499,71,13.2
236,2025-01-20,Tarde,M4,480,0,1599,1583,16,13.8
237,2025-01-20,Noche,M1,480,78,1812,1725,87,12.0
238,2025-01-20,Noche,M2,480,154,1269,1208,61,12.6
239,2025-01-20,Noche,M3,480,57,1676,1656,20,13.2
240,2025-01-20,Noche,M4,480,81,1436,1356,80,13.8
241,2025-01-21,Mañana,M1,480,11,2089,1970,119,12.0
242,2025-01-21,Mañana,M2,480,98,1634,1595,39,12.6
243,2025-01-21,Mañana,M3,480,79,1779,1678,101,13.2
244,2025-01-21,Mañana,M4,480,0,1644,1617,27,13.8
245,2025-01-21,Tarde,M1,480,59,1864,1798,66,12.0
246,2025-01-21,Tarde,M2,480,61,1788,1703,85,12.6
247,2025-01-21,Tarde,M3,480,0,1867,1848,19,13.2
248,2025-01-21,Tarde,M4,480,6,1735,1649,86,13.8
249,2025-01-21,Noche,M1,480,0,2106,2008,98,12.0
250,2025-01-21,Noche,M2,480,30,1880,1861,19,12.6
251,2025-01-21,Noche,M3,480,6,2090,2031,59,13.2
252,2025-01-21,Noche,M4,480,94,1643,1597,46,13.8
253,2025-01-22,Mañana,M1,480,28,2107,2077,30,12.0
254,2025-01-22,Mañana,M2,480,55,1798,1720,78,12.6
255,2025-01-22,Mañana,M3,480,10,1640,1619,21,13.2
256,2025-01-22,Mañana,M4,480,15,1668,1616,52,13.8
257,2025-01-22,Tarde,M1,480,0,1921,1845,76,12.0
258,2025-01-22,Tarde,M2,480,93,1460,1419,41,12.6
259,2025-01-22,Tarde,M3,480,80,1477,1424,53,13.2
260,2025-01-22,Tarde,M4,480,46,1763,1705,58,13.8
261,2025-01-22,Noche,M1,480,58,1823,1765,58,12.0
262,2025-01-22,Noche,M2,480,21,2120,2092,28,12.6
263,2025-01-22,Noche,M3,480,0,1777,1736,41,13.2
264,2025-01-22,Noche,M4,480,93,1287,1243,44,13.8
265,2025-01-23,Mañana,M1,480,0,1834,1733,101,12.0
266,2025-01-23,Mañana,M2,480,0,1994,1934,60,12.6
267,2025-01-23,Mañana,M3,480,154,1129,1095,34,13.2
268,2025-01-23,Mañana,M4,480,17,1812,1776,36,13.8
269,2025-01-23,Tarde,M1,480,101,1665,1605,60,12.0
270,2025-01-23,Tarde,M2,480,0,2166,2067,99,12.6
271,2025-01-23,Tarde,M3,480,0,1991,1917,74,13.2
272,2025-01-23,Tarde,M4,480,0,1785,1724,61,13.8
273,2025-01-23,Noche,M1,480,0,2322,2201,121,12.0
274,2025-01-23,Noche,M2,480,55,1893,1831,62,12.6
275,2025-01-23,Noche,M3,480,0,2030,1990,40,13.2
276,2025-01-23,Noche,M4,480,63,1576,1545,31,13.8
277,2025-01-24,Mañana,M1,480,116,1745,1681,64,12.0
278,2025-01-24,Mañana,M2,480,51,1710,1627,83,12.6
279,2025-01-24,Mañana,M3,480,6,2008,1930,78,13.2
280,2025-01-24,Mañana,M4,480,72,1654,1612,42,13.8
281,2025-01-24,Tarde,M1,480,18,2207,2113,94,12.0
282,2025-01-24,Tarde,M2,480,0,1945,1866,79,12.6
283,2025-01-24,Tarde,M3,480,0,2079,1975,104,13.2
284,2025-01-24,Tarde,M4,480,71,1694,1641,53,13.8
285,2025-01-24,Noche,M1,480,0,1806,1738,68,12.0
286,2025-01-24,Noche,M2,480,72,1597,1544,53,12.6
287,2025-01-24,Noche,M3,480,43,1815,1722,93,13.2
288,2025-01-24,Noche,M4,480,0,1680,1652,28,13.8
289,2025-01-25,Mañana,M1,480,31,2004,1949,55,12.0
290,2025-01-25,Mañana,M2,480,184,1147,1099,48,12.6
291,2025-01-25,Mañana,M3,480,52,1878,1778,100,13.2
292,2025-01-25,Mañana,M4,480,44,1798,1731,67,13.8
293,2025-01-25,Tarde,M1,480,80,1628,1542,86,12.0
294,2025-01-25,Tarde,M2,480,82,1554,1475,79,12.6
295,2025-01-25,Tarde,M3,480,35,1522,1472,50,13.2
296,2025-01-25,Tarde,M4,480,16,1857,1834,23,13.8
297,2025-01-25,Noche,M1,480,222,1145,1127,18,12.0
298,2025-01-25,Noche,M2,480,0,2192,2097,95,12.6
299,2025-01-25,Noche,M3,480,102,1463,1404,59,13.2
300,2025-01-25,Noche,M4,480,108,1436,1369,67,13.8
301,2025-01-26,Mañana,M1,480,25,1779,1737,42,12.0
302,2025-01-26,Mañana,M2,480,52,1770,1752,18,12.6
303,2025-01-26,Mañana,M3,480,0,1746,1726,20,13.2
304,2025-01-26,Mañana,M4,480,0,1727,1641,86,13.8
305,2025-01-26,Tarde,M1,480,73,1579,1536,43,12.0
306,2025-01-26,Tarde,M2,480,162,1273,1234,39,12.6
307,2025-01-26,Tarde,M3,480,226,879,859,20,13.2
308,2025-01-26,Tarde,M4,480,0,1855,1773,82,13.8
309,2025-01-26,Noche,M1,480,0,2011,1946,65,12.0
310,2025-01-26,Noche,M2,480,27,1653,1630,23,12.6
311,2025-01-26,Noche,M3,480,86,1703,1625,78,13.2
312,2025-01-26,Noche,M4,480,0,1998,1972,26,13.8
313,2025-01-27,Mañana,M1,480,24,1864,1801,63,12.0
314,2025-01-27,Mañana,M2,480,36,1752,1671,81,12.6
315,2025-01-27,Mañana,M3,480,111,1575,1492,83,13.2
316,2025-01-27,Mañana,M4,480,45,1717,1668,49,13.8
317,2025-01-27,Tarde,M1,480,0,2037,2003,34,12.0
318,2025-01-27,Tarde,M2,480,58,1540,1494,46,12.6
319,2025-01-27,Tarde,M3,480,13,1698,1598,100,13.2
320,2025-01-27,Tarde,M4,480,71,1490,1473,17,13.8
321,2025-01-27,Noche,M1,480,0,2014,1978,36,12.0
322,2025-01-27,Noche,M2,480,0,2111,2042,69,12.6
323,2025-01-27,Noche,M3,480,45,1858,1749,109,13.2
324,2025-01-27,Noche,M4,480,13,1781,1715,66,13.8
325,2025-01-28,Mañana,M1,480,179,1321,1285,36,12.0
326,2025-01-28,Mañana,M2,480,19,1893,1837,56,12.6
327,2025-01-28,Mañana,M3,480,200,1165,1123,42,13.2
328,2025-01-28,Mañana,M4,480,5,1926,1881,45,13.8
329,2025-01-28,Tarde,M1,480,118,1602,1556,46,12.0
330,2025-01-28,Tarde,M2,480,7,1954,1887,67,12.6
331,2025-01-28,Tarde,M3,480,88,1686,1633,53,13.2
332,2025-01-28,Tarde,M4,480,33,1871,1851,20,13.8
333,2025-01-28,Noche,M1,480,58,2047,2026,21,12.0
334,2025-01-28,Noche,M2,480,143,1487,1424,63,12.6
335,2025-01-28,Noche,M3,480,34,1572,1493,79,13.2
336,2025-01-28,Noche,M4,480,44,1552,1531,21,13.8
337,2025-01-29,Mañana,M1,480,107,1797,1743,54,12.0
338,2025-01-29,Mañana,M2,480,101,1502,1439,63,12.6
339,2025-01-29,Mañana,M3,480,0,2082,2009,73,13.2
340,2025-01-29,Mañana,M4,480,107,1523,1447,76,13.8
341,2025-01-29,Tarde,M1,480,11,1830,1755,75,12.0
342,2025-01-29,Tarde,M2,480,0,2107,2053,54,12.6
343,2025-01-29,Tarde,M3,480,0,1892,1869,23,13.2
344,2025-01-29,Tarde,M4,480,82,1299,1270,29,13.8
345,2025-01-29,Noche,M1,480,11,2184,2065,119,12.0
346,2025-01-29,Noche,M2,480,25,1818,1743,75,12.6
347,2025-01-29,Noche,M3,480,56,1740,1639,101,13.2
348,2025-01-29,Noche,M4,480,135,1297,1256,41,13.8
349,2025-01-30,Mañana,M1,480,9,1794,1708,86,12.0
350,2025-01-30,Mañana,M2,480,53,1663,1636,27,12.6
351,2025-01-30,Mañana,M3,480,21,1991,1943,48,13.2
352,2025-01-30,Mañana,M4,480,32,1580,1499,81,13.8
353,2025-01-30,Tarde,M1,480,0,2009,1956,53,12.0
354,2025-01-30,Tarde,M2,480,0,1779,1725,54,12.6
355,2025-01-30,Tarde,M3,480,18,1579,1527,52,13.2
356,2025-01-30,Tarde,M4,480,101,1527,1451,76,13.8
357,2025-01-30,Noche,M1,480,0,1946,1925,21,12.0
358,2025-01-30,Noche,M2,480,36,1900,1789,111,12.6
359,2025-01-30,Noche,M3,480,38,1867,1806,61,13.2
360,2025-01-30,Noche,M4,480,11,1645,1589,56,13.8
361,2025-01-31,Mañana,M1,480,242,1041,981,60,12.0
362,2025-01-31,Mañana,M2,480,0,1906,1866,40,12.6
363,2025-01-31,Mañana,M3,480,0,1707,1637,70,13.2
364,2025-01-31,Mañana,M4,480,37,1559,1517,42,13.8
365,2025-01-31,Tarde,M1,480,37,1665,1596,69,12.0
366,2025-01-31,Tarde,M2,480,45,1668,1610,58,12.6
367,2025-01-31,Tarde,M3,480,74,1579,1521,58,13.2
368,2025-01-31,Tarde,M4,480,26,1575,1556,19,13.8
369,2025-01-31,Noche,M1,480,420,255,245,10,12.0
370,2025-01-31,Noche,M2,480,0,2041,1921,120,12.6
371,2025-01-31,Noche,M3,480,0,2034,1922,112,13.2
372,2025-01-31,Noche,M4,480,110,1209,1176,33,13.8
373,2025-02-01,Mañana,M1,480,7,1948,1846,102,12.0
374,2025-02-01,Mañana,M2,480,5,1946,1863,83,12.6
375,2025-02-01,Mañana,M3,480,0,1781,1728,53,13.2
376,2025-02-01,Mañana,M4,480,34,1863,1756,107,13.8
377,2025-02-01,Tarde,M1,480,5,2089,2031,58,12.0
378,2025-02-01,Tarde,M2,480,112,1355,1308,47,12.6
379,2025-02-01,Tarde,M3,480,0,1655,1636,19,13.2
380,2025-02-01,Tarde,M4,480,0,1981,1934,47,13.8
381,2025-02-01,Noche,M1,480,120,1719,1666,53,12.0
382,2025-02-01,Noche,M2,480,58,1902,1864,38,12.6
383,2025-02-01,Noche,M3,480,0,1670,1575,95,13.2
384,2025-02-01,Noche,M4,480,27,1627,1555,72,13.8
385,2025-02-02,Mañana,M1,480,43,1657,1630,27,12.0
386,2025-02-02,Mañana,M2,480,14,1692,1593,99,12.6
387,2025-02-02,Mañana,M3,480,11,1599,1525,74,13.2
388,2025-02-02,Mañana,M4,480,40,1808,1752,56,13.8
389,2025-02-02,Tarde,M1,480,50,1702,1654,48,12.0
390,2025-02-02,Tarde,M2,480,74,1873,1851,22,12.6
391,2025-02-02,Tarde,M3,480,56,1781,1755,26,13.2
392,2025-02-02,Tarde,M4,480,142,1258,1188,70,13.8
393,2025-02-02,Noche,M1,480,139,1553,1482,71,12.0
394,2025-02-02,Noche,M2,480,165,1128,1078,50,12.6
395,2025-02-02,Noche,M3,480,118,1253,1209,44,13.2
396,2025-02-02,Noche,M4,480,17,1910,1876,34,13.8
397,2025-02-03,Mañana,M1,480,27,2113,2066,47,12.0
398,2025-02-03,Mañana,M2,480,42,1915,1858,57,12.6
399,2025-02-03,Mañana,M3,480,0,2029,1980,49,13.2
400,2025-02-03,Mañana,M4,480,82,1565,1500,65,13.8
401,2025-02-03,Tarde,M1,480,0,2030,1934,96,12.0
402,2025-02-03,Tarde,M2,480,0,1860,1816,44,12.6
403,2025-02-03,Tarde,M3,480,12,1792,1708,84,13.2
404,2025-02-03,Tarde,M4,480,35,1570,1532,38,13.8
405,2025-02-03,Noche,M1,480,160,1438,1405,33,12.0
406,2025-02-03,Noche,M2,480,0,2221,2171,50,12.6
407,2025-02-03,Noche,M3,480,120,1582,1508,74,13.2
408,2025-02-03,Noche,M4,480,24,1797,1743,54,13.8
409,2025-02-04,Mañana,M1,480,0,2121,2073,48,12.0
410,2025-02-04,Mañana,M2,480,118,1333,1320,13,12.6
411,2025-02-04,Mañana,M3,480,73,1572,1536,36,13.2
412,2025-02-04,Mañana,M4,480,27,1800,1774,26,13.8
413,2025-02-04,Tarde,M1,480,0,2284,2177,107,12.0
414,2025-02-04,Tarde,M2,480,0,1844,1806,38,12.6
415,2025-02-04,Tarde,M3,480,27,1891,1815,76,13.2
416,2025-02-04,Tarde,M4,480,109,1508,1431,77,13.8
417,2025-02-04,Noche,M1,480,62,1600,1555,45,12.0
418,2025-02-04,Noche,M2,480,110,1422,1358,64,12.6
419,2025-02-04,Noche,M3,480,82,1383,1313,70,13.2
420,2025-02-04,Noche,M4,480,16,1746,1724,22,13.8
421,2025-02-05,Mañana,M1,480,16,1825,1793,32,12.0
422,2025-02-05,Mañana,M2,480,0,1811,1733,78,12.6
423,2025-02-05,Mañana,M3,480,56,1602,1520,82,13.2
424,2025-02-05,Mañana,M4,480,37,1861,1761,100,13.8
425,2025-02-05,Tarde,M1,480,0,2016,1941,75,12.0
426,2025-02-05,Tarde,M2,480,28,2029,1922,107,12.6
427,2025-02-05,Tarde,M3,480,103,1375,1354,21,13.2
428,2025-02-05,Tarde,M4,480,0,1566,1495,71,13.8
429,2025-02-05,Noche,M1,480,104,1514,1473,41,12.0
430,2025-02-05,Noche,M2,480,0,1831,1766,65,12.6
431,2025-02-05,Noche,M3,480,22,1673,1638,35,13.2
432,2025-02-05,Noche,M4,480,82,1461,1383,78,13.8
433,2025-02-06,Mañana,M1,480,11,2132,2089,43,12.0
434,2025-02-06,Mañana,M2,480,80,1458,1409,49,12.6
435,2025-02-06,Mañana,M3,480,120,1409,1372,37,13.2
436,2025-02-06,Mañana,M4,480,58,1539,1462,77,13.8
437,2025-02-06,Tarde,M1,480,94,1620,1560,60,12.0
438,2025-02-06,Tarde,M2,480,5,1891,1797,94,12.6
439,2025-02-06,Tarde,M3,480,36,1849,1770,79,13.2
440,2025-02-06,Tarde,M4,480,48,1617,1601,16,13.8
441,2025-02-06,Noche,M1,480,43,1709,1635,74,12.0
442,2025-02-06,Noche,M2,480,170,1364,1310,54,12.6
443,2025-02-06,Noche,M3,480,53,1563,1531,32,13.2
444,2025-02-06,Noche,M4,480,19,1882,1802,80,13.8
445,2025-02-07,Mañana,M1,480,9,2274,2179,95,12.0
446,2025-02-07,Mañana,M2,480,53,1627,1563,64,12.6
447,2025-02-07,Mañana,M3,480,22,1925,1888,37,13.2
448,2025-02-07,Mañana,M4,480,0,1900,1847,53,13.8
449,2025-02-07,Tarde,M1,480,5,2261,2211,50,12.0
450,2025-02-07,Tarde,M2,480,11,2136,2020,116,12.6
451,2025-02-07,Tarde,M3,480,115,1571,1477,94,13.2
452,2025-02-07,Tarde,M4,480,5,1559,1516,43,13.8
453,2025-02-07,Noche,M1,480,72,1822,1735,87,12.0
454,2025-02-07,Noche,M2,480,0,2154,2066,88,12.6
455,2025-02-07,Noche,M3,480,115,1331,1278,53,13.2
456,2025-02-07,Noche,M4,480,324,601,594,7,13.8
457,2025-02-08,Mañana,M1,480,87,1785,1705,80,12.0
458,2025-02-08,Mañana,M2,480,45,1839,1805,34,12.6
459,2025-02-08,Mañana,M3,480,72,1650,1576,74,13.2
460,2025-02-08,Mañana,M4,480,40,1457,1441,16,13.8
461,2025-02-08,Tarde,M1,480,63,1987,1902,85,12.0
462,2025-02-08,Tarde,M2,480,0,2167,2050,117,12.6
463,2025-02-08,Tarde,M3,480,0,2006,1958,48,13.2
464,2025-02-08,Tarde,M4,480,61,1721,1699,22,13.8
465,2025-02-08,Noche,M1,480,101,1792,1691,101,12.0
466,2025-02-08,Noche,M2,480,0,1916,1891,25,12.6
467,2025-02-08,Noche,M3,480,0,1751,1693,58,13.2
468,2025-02-08,Noche,M4,480,7,2002,1906,96,13.8
469,2025-02-09,Mañana,M1,480,16,1809,1768,41,12.0
470,2025-02-09,Mañana,M2,480,92,1753,1722,31,12.6
471,2025-02-09,Mañana,M3,480,0,1879,1832,47,13.2
472,2025-02-09,Mañana,M4,480,58,1491,1440,51,13.8
473,2025-02-09,Tarde,M1,480,0,2053,2002,51,12.0
474,2025-02-09,Tarde,M2,480,12,2043,1964,79,12.6
475,2025-02-09,Tarde,M3,480,173,1203,1147,56,13.2
476,2025-02-09,Tarde,M4,480,46,1612,1535,77,13.8
477,2025-02-09,Noche,M1,480,0,1908,1799,109,12.0
478,2025-02-09,Noche,M2,480,0,2012,1934,78,12.6
479,2025-02-09,Noche,M3,480,14,1866,1831,35,13.2
480,2025-02-09,Noche,M4,480,78,1425,1345,80,13.8
481,2025-02-10,Mañana,M1,480,36,1949,1848,101,12.0
482,2025-02-10,Mañana,M2,480,7,1802,1706,96,12.6
483,2025-02-10,Mañana,M3,480,92,1644,1576,68,13.2
484,2025-02-10,Mañana,M4,480,8,1583,1529,54,13.8
485,2025-02-10,Tarde,M1,480,10,1891,1787,104,12.0
486,2025-02-10,Tarde,M2,480,5,1949,1888,61,12.6
487,2025-02-10,Tarde,M3,480,47,1754,1657,97,13.2
488,2025-02-10,Tarde,M4,480,72,1395,1380,15,13.8
489,2025-02-10,Noche,M1,480,58,1636,1570,66,12.0
490,2025-02-10,Noche,M2,480,32,1792,1707,85,12.6
491,2025-02-10,Noche,M3,480,0,2024,1980,44,13.2
492,2025-02-10,Noche,M4,480,21,1655,1636,19,13.8
493,2025-02-11,Mañana,M1,480,247,1071,1046,25,12.0
494,2025-02-11,Mañana,M2,480,174,1197,1165,32,12.6
495,2025-02-11,Mañana,M3,480,0,1858,1816,42,13.2
496,2025-02-11,Mañana,M4,480,97,1306,1230,76,13.8
497,2025-02-11,Tarde,M1,480,42,1933,1827,106,12.0
498,2025-02-11,Tarde,M2,480,25,1825,1727,98,12.6
499,2025-02-11,Tarde,M3,480,62,1477,1408,69,13.2
500,2025-02-11,Tarde,M4,480,7,1824,1767,57,13.8
501,2025-02-11,Noche,M1,480,0,1864,1795,69,12.0
502,2025-02-11,Noche,M2,480,136,1351,1337,14,12.6
503,2025-02-11,Noche,M3,480,189,1057,1043,14,13.2
504,2025-02-11,Noche,M4,480,30,1722,1680,42,13.8
505,2025-02-12,Mañana,M1,480,90,1667,1632,35,12.0
506,2025-02-12,Mañana,M2,480,8,2111,2004,107,12.6
507,2025-02-12,Mañana,M3,480,32,1680,1646,34,13.2
508,2025-02-12,Mañana,M4,480,0,1789,1728,61,13.8
509,2025-02-12,Tarde,M1,480,33,2099,2038,61,12.0
510,2025-02-12,Tarde,M2,480,7,2173,2077,96,12.6
511,2025-02-12,Tarde,M3,480,10,1681,1610,71,13.2
512,2025-02-12,Tarde,M4,480,93,1399,1347,52,13.8
513,2025-02-12,Noche,M1,480,46,1955,1929,26,12.0
514,2025-02-12,Noche,M2,480,79,1450,1406,44,12.6
515,2025-02-12,Noche,M3,480,0,2077,1999,78,13.2
516,2025-02-12,Noche,M4,480,95,1340,1268,72,13.8
517,2025-02-13,Mañana,M1,480,159,1403,1330,73,12.0
518,2025-02-13,Mañana,M2,480,7,2126,2054,72,12.6
519,2025-02-13,Mañana,M3,480,7,1631,1593,38,13.2
520,2025-02-13,Mañana,M4,480,0,2034,1916,118,13.8
521,2025-02-13,Tarde,M1,480,79,1864,1821,43,12.0
522,2025-02-13,Tarde,M2,480,32,1937,1906,31,12.6
523,2025-02-13,Tarde,M3,480,7,1764,1699,65,13.2
524,2025-02-13,Tarde,M4,480,24,1832,1732,100,13.8
525,2025-02-13,Noche,M1,480,0,2016,1986,30,12.0
526,2025-02-13,Noche,M2,480,0,2062,1980,82,12.6
527,2025-02-13,Noche,M3,480,0,1753,1734,19,13.2
528,2025-02-13,Noche,M4,480,104,1245,1231,14,13.8
529,2025-02-14,Mañana,M1,480,10,1784,1714,70,12.0
530,2025-02-14,Mañana,M2,480,160,1274,1227,47,12.6
531,2025-02-14,Mañana,M3,480,0,1850,1755,95,13.2
532,2025-02-14,Mañana,M4,480,76,1693,1668,25,13.8
533,2025-02-14,Tarde,M1,480,5,1896,1806,90,12.0
534,2025-02-14,Tarde,M2,480,0,1973,1910,63,12.6
535,2025-02-14,Tarde,M3,480,5,1903,1808,95,13.2
536,2025-02-14,Tarde,M4,480,14,1687,1636,51,13.8
537,2025-02-14,Noche,M1,480,22,2084,2044,40,12.0
538,2025-02-14,Noche,M2,480,56,1652,1617,35,12.6
539,2025-02-14,Noche,M3,480,52,1760,1670,90,13.2
540,2025-02-14,Noche,M4,480,13,1836,1793,43,13.8
541,2025-02-15,Mañana,M1,480,0,2347,2306,41,12.0
542,2025-02-15,Mañana,M2,480,154,1442,1427,15,12.6
543,2025-02-15,Mañana,M3,480,120,1337,1310,27,13.2
544,2025-02-15,Mañana,M4,480,5,1608,1514,94,13.8
545,2025-02-15,Tarde,M1,480,61,1848,1790,58,12.0
546,2025-02-15,Tarde,M2,480,53,1634,1567,67,12.6
547,2025-02-15,Tarde,M3,480,6,1916,1816,100,13.2
548,2025-02-15,Tarde,M4,480,0,1917,1866,51,13.8
549,2025-02-15,Noche,M1,480,18,1747,1675,72,12.0
550,2025-02-15,Noche,M2,480,54,1936,1861,75,12.6
551,2025-02-15,Noche,M3,480,153,1253,1232,21,13.2
552,2025-02-15,Noche,M4,480,23,1901,1807,94,13.8
553,2025-02-16,Mañana,M1,480,89,1473,1405,68,12.0
554,2025-02-16,Mañana,M2,480,8,1755,1730,25,12.6
555,2025-02-16,Mañana,M3,480,87,1486,1453,33,13.2
556,2025-02-16,Mañana,M4,480,0,1824,1729,95,13.8
557,2025-02-16,Tarde,M1,480,28,1858,1831,27,12.0
558,2025-02-16,Tarde,M2,480,0,2233,2162,71,12.6
559,2025-02-16,Tarde,M3,480,94,1367,1314,53,13.2
560,2025-02-16,Tarde,M4,480,115,1261,1241,20,13.8
561,2025-02-16,Noche,M1,480,17,2024,1996,28,12.0
562,2025-02-16,Noche,M2,480,0,1769,1700,69,12.6
563,2025-02-16,Noche,M3,480,51,1481,1430,51,13.2
564,2025-02-16,Noche,M4,480,42,1821,1730,91,13.8
565,2025-02-17,Mañana,M1,480,72,1791,1741,50,12.0
566,2025-02-17,Mañana,M2,480,5,2095,2001,94,12.6
567,2025-02-17,Mañana,M3,480,63,1530,1506,24,13.2
568,2025-02-17,Mañana,M4,480,23,1790,1683,107,13.8
569,2025-02-17,Tarde,M1,480,5,2263,2194,69,12.0
570,2025-02-17,Tarde,M2,480,47,1854,1747,107,12.6
571,2025-02-17,Tarde,M3,480,0,1875,1800,75,13.2
572,2025-02-17,Tarde,M4,480,81,1384,1367,17,13.8
573,2025-02-17,Noche,M1,480,125,1493,1456,37,12.0
574,2025-02-17,Noche,M2,480,0,1793,1737,56,12.6
575,2025-02-17,Noche,M3,480,84,1592,1511,81,13.2
576,2025-02-17,Noche,M4,480,0,1794,1720,74,13.8
577,2025-02-18,Mañana,M1,480,95,1522,1452,70,12.0
578,2025-02-18,Mañana,M2,480,0,1927,1858,69,12.6
579,2025-02-18,Mañana,M3,480,302,658,648,10,13.2
580,2025-02-18,Mañana,M4,480,53,1484,1437,47,13.8
581,2025-02-18,Tarde,M1,480,0,2252,2137,115,12.0
582,2025-02-18,Tarde,M2,480,12,2094,2007,87,12.6
583,2025-02-18,Tarde,M3,480,53,1734,1668,66,13.2
584,2025-02-18,Tarde,M4,480,0,1593,1529,64,13.8
585,2025-02-18,Noche,M1,480,10,1862,1825,37,12.0
586,2025-02-18,Noche,M2,480,14,1910,1855,55,12.6
587,2025-02-18,Noche,M3,480,5,1654,1591,63,13.2
588,2025-02-18,Noche,M4,480,155,1156,1140,16,13.8
589,2025-02-19,Mañana,M1,480,0,1870,1840,30,12.0
590,2025-02-19,Mañana,M2,480,91,1680,1584,96,12.6
591,2025-02-19,Mañana,M3,480,0,1828,1760,68,13.2
592,2025-02-19,Mañana,M4,480,0,1567,1499,68,13.8
593,2025-02-19,Tarde,M1,480,13,1804,1700,104,12.0
594,2025-02-19,Tarde,M2,480,13,2075,1984,91,12.6
595,2025-02-19,Tarde,M3,480,185,1261,1235,26,13.2
596,2025-02-19,Tarde,M4,480,11,1904,1854,50,13.8
597,2025-02-19,Noche,M1,480,29,2050,2016,34,12.0
598,2025-02-19,Noche,M2,480,163,1269,1248,21,12.6
599,2025-02-19,Noche,M3,480,0,2112,1998,114,13.2
600,2025-02-19,Noche,M4,480,32,1621,1557,64,13.8
601,2025-02-20,Mañana,M1,480,16,2044,2003,41,12.0
602,2025-02-20,Mañana,M2,480,30,1885,1842,43,12.6
603,2025-02-20,Mañana,M3,480,48,1696,1655,41,13.2
604,2025-02-20,Mañana,M4,480,56,1456,1408,48,13.8
605,2025-02-20,Tarde,M1,480,0,2145,2065,80,12.0
606,2025-02-20,Tarde,M2,480,5,1708,1618,90,12.6
607,2025-02-20,Tarde,M3,480,103,1504,1445,59,13.2
608,2025-02-20,Tarde,M4,480,13,1655,1606,49,13.8
609,2025-02-20,Noche,M1,480,33,2086,1968,118,12.0
610,2025-02-20,Noche,M2,480,0,1795,1698,97,12.6
611,2025-02-20,Noche,M3,480,156,1201,1137,64,13.2
612,2025-02-20,Noche,M4,480,0,1676,1585,91,13.8
613,2025-02-21,Mañana,M1,480,88,1695,1621,74,12.0
614,2025-02-21,Mañana,M2,480,5,1910,1871,39,12.6
615,2025-02-21,Mañana,M3,480,127,1451,1384,67,13.2
616,2025-02-21,Mañana,M4,480,7,1744,1671,73,13.8
617,2025-02-21,Tarde,M1,480,6,1885,1793,92,12.0
618,2025-02-21,Tarde,M2,480,189,1140,1083,57,12.6
619,2025-02-21,Tarde,M3,480,104,1478,1416,62,13.2
620,2025-02-21,Tarde,M4,480,72,1681,1653,28,13.8
621,2025-02-21,Noche,M1,480,47,2051,2017,34,12.0
622,2025-02-21,Noche,M2,480,98,1524,1496,28,12.6
623,2025-02-21,Noche,M3,480,39,1885,1788,97,13.2
624,2025-02-21,Noche,M4,480,16,1836,1785,51,13.8
625,2025-02-22,Mañana,M1,480,189,1318,1264,54,12.0
626,2025-02-22,Mañana,M2,480,21,2029,1969,60,12.6
627,2025-02-22,Mañana,M3,480,0,1641,1580,61,13.2
628,2025-02-22,Mañana,M4,480,75,1525,1472,53,13.8
629,2025-02-22,Tarde,M1,480,0,2342,2290,52,12.0
630,2025-02-22,Tarde,M2,480,0,2062,1980,82,12.6
631,2025-02-22,Tarde,M3,480,5,2026,1941,85,13.2
632,2025-02-22,Tarde,M4,480,62,1577,1536,41,13.8
633,2025-02-22,Noche,M1,480,145,1320,1299,21,12.0
634,2025-02-22,Noche,M2,480,0,2094,1976,118,12.6
635,2025-02-22,Noche,M3,480,8,1794,1721,73,13.2
636,2025-02-22,Noche,M4,480,232,866,856,10,13.8
637,2025-02-23,Mañana,M1,480,0,1821,1768,53,12.0
638,2025-02-23,Mañana,M2,480,71,1465,1394,71,12.6
639,2025-02-23,Mañana,M3,480,118,1609,1524,85,13.2
640,2025-02-23,Mañana,M4,480,0,1904,1853,51,13.8
641,2025-02-23,Tarde,M1,480,0,2022,1979,43,12.0
642,2025-02-23,Tarde,M2,480,53,1661,1610,51,12.6
643,2025-02-23,Tarde,M3,480,25,1703,1672,31,13.2
644,2025-02-23,Tarde,M4,480,5,1582,1495,87,13.8
645,2025-02-23,Noche,M1,480,0,2253,2170,83,12.0
646,2025-02-23,Noche,M2,480,0,2216,2167,49,12.6
647,2025-02-23,Noche,M3,480,5,1873,1783,90,13.2
648,2025-02-23,Noche,M4,480,34,1592,1537,55,13.8
649,2025-02-24,Mañana,M1,480,29,2186,2060,126,12.0
650,2025-02-24,Mañana,M2,480,22,2111,2075,36,12.6
651,2025-02-24,Mañana,M3,480,28,1907,1856,51,13.2
652,2025-02-24,Mañana,M4,480,125,1483,1403,80,13.8
653,2025-02-24,Tarde,M1,480,29,1768,1698,70,12.0
654,2025-02-24,Tarde,M2,480,58,1784,1705,79,12.6
655,2025-02-24,Tarde,M3,480,37,1919,1867,52,13.2
656,2025-02-24,Tarde,M4,480,11,1555,1493,62,13.8
657,2025-02-24,Noche,M1,480,7,1935,1907,28,12.0
658,2025-02-24,Noche,M2,480,5,1856,1752,104,12.6
659,2025-02-24,Noche,M3,480,0,2121,2078,43,13.2
660,2025-02-24,Noche,M4,480,136,1383,1346,37,13.8
661,2025-02-25,Mañana,M1,480,248,988,954,34,12.0
662,2025-02-25,Mañana,M2,480,50,1935,1881,54,12.6
663,2025-02-25,Mañana,M3,480,97,1605,1551,54,13.2
664,2025-02-25,Mañana,M4,480,0,2029,1937,92,13.8
665,2025-02-25,Tarde,M1,480,26,1935,1904,31,12.0
666,2025-02-25,Tarde,M2,480,0,1714,1694,20,12.6
667,2025-02-25,Tarde,M3,480,69,1659,1582,77,13.2
668,2025-02-25,Tarde,M4,480,86,1520,1475,45,13.8
669,2025-02-25,Noche,M1,480,33,1769,1714,55,12.0
670,2025-02-25,Noche,M2,480,0,2085,2009,76,12.6
671,2025-02-25,Noche,M3,480,5,1779,1712,67,13.2
672,2025-02-25,Noche,M4,480,88,1499,1439,60,13.8
673,2025-02-26,Mañana,M1,480,0,2009,1927,82,12.0
674,2025-02-26,Mañana,M2,480,67,1513,1465,48,12.6
675,2025-02-26,Mañana,M3,480,161,1255,1222,33,13.2
676,2025-02-26,Mañana,M4,480,8,1973,1953,20,13.8
677,2025-02-26,Tarde,M1,480,180,1206,1165,41,12.0
678,2025-02-26,Tarde,M2,480,81,1529,1499,30,12.6
679,2025-02-26,Tarde,M3,480,10,2012,1981,31,13.2
680,2025-02-26,Tarde,M4,480,0,1775,1683,92,13.8
681,2025-02-26,Noche,M1,480,26,2004,1927,77,12.0
682,2025-02-26,Noche,M2,480,20,1692,1611,81,12.6
683,2025-02-26,Noche,M3,480,116,1473,1419,54,13.2
684,2025-02-26,Noche,M4,480,20,1736,1710,26,13.8
685,2025-02-27,Mañana,M1,480,0,2331,2264,67,12.0
686,2025-02-27,Mañana,M2,480,80,1680,1653,27,12.6
687,2025-02-27,Mañana,M3,480,50,1524,1486,38,13.2
688,2025-02-27,Mañana,M4,480,0,2001,1905,96,13.8
689,2025-02-27,Tarde,M1,480,63,1791,1753,38,12.0
690,2025-02-27,Tarde,M2,480,28,1687,1588,99,12.6
691,2025-02-27,Tarde,M3,480,0,1701,1667,34,13.2
692,2025-02-27,Tarde,M4,480,38,1832,1806,26,13.8
693,2025-02-27,Noche,M1,480,88,1894,1811,83,12.0
694,2025-02-27,Noche,M2,480,93,1468,1395,73,12.6
695,2025-02-27,Noche,M3,480,6,1766,1662,104,13.2
696,2025-02-27,Noche,M4,480,27,1624,1547,77,13.8
697,2025-02-28,Mañana,M1,480,23,1963,1927,36,12.0
698,2025-02-28,Mañana,M2,480,39,2002,1967,35,12.6
699,2025-02-28,Mañana,M3,480,20,1900,1819,81,13.2
700,2025-02-28,Mañana,M4,480,0,1741,1639,102,13.8
701,2025-02-28,Tarde,M1,480,31,1984,1886,98,12.0
702,2025-02-28,Tarde,M2,480,73,1838,1776,62,12.6
703,2025-02-28,Tarde,M3,480,0,1912,1853,59,13.2
704,2025-02-28,Tarde,M4,480,12,1551,1461,90,13.8
705,2025-02-28,Noche,M1,480,39,1808,1773,35,12.0
706,2025-02-28,Noche,M2,480,0,1870,1779,91,12.6
707,2025-02-28,Noche,M3,480,18,2028,1973,55,13.2
708,2025-02-28,Noche,M4,480,138,1132,1116,16,13.8
709,2025-03-01,Mañana,M1,480,5,1793,1706,87,12.0
710,2025-03-01,Mañana,M2,480,0,1960,1882,78,12.6
711,2025-03-01,Mañana,M3,480,5,1997,1888,109,13.2
712,2025-03-01,Mañana,M4,480,53,1655,1562,93,13.8
713,2025-03-01,Tarde,M1,480,182,1214,1185,29,12.0
714,2025-03-01,Tarde,M2,480,31,1854,1812,42,12.6
715,2025-03-01,Tarde,M3,480,152,1442,1404,38,13.2
716,2025-03-01,Tarde,M4,480,51,1811,1745,66,13.8
717,2025-03-01,Noche,M1,480,0,1942,1879,63,12.0
718,2025-03-01,Noche,M2,480,135,1420,1363,57,12.6
719,2025-03-01,Noche,M3,480,21,2039,1957,82,13.2
720,2025-03-01,Noche,M4,480,38,1655,1573,82,13.8
721,2025-03-02,Mañana,M1,480,5,1903,1836,67,12.0
722,2025-03-02,Mañana,M2,480,21,1863,1755,108,12.6
723,2025-03-02,Mañana,M3,480,65,1576,1553,23,13.2
724,2025-03-02,Mañana,M4,480,6,2003,1888,115,13.8
725,2025-03-02,Tarde,M1,480,84,1686,1643,43,12.0
726,2025-03-02,Tarde,M2,480,26,1797,1751,46,12.6
727,2025-03-02,Tarde,M3,480,16,2054,1992,62,13.2
728,2025-03-02,Tarde,M4,480,47,1670,1592,78,13.8
729,2025-03-02,Noche,M1,480,0,2264,2238,26,12.0
730,2025-03-02,Noche,M2,480,146,1320,1266,54,12.6
731,2025-03-02,Noche,M3,480,12,1699,1648,51,13.2
732,2025-03-02,Noche,M4,480,9,1995,1880,115,13.8
733,2025-03-03,Mañana,M1,480,17,1878,1812,66,12.0
734,2025-03-03,Mañana,M2,480,88,1541,1473,68,12.6
735,2025-03-03,Mañana,M3,480,61,1860,1821,39,13.2
736,2025-03-03,Mañana,M4,480,78,1668,1604,64,13.8
737,2025-03-03,Tarde,M1,480,39,1909,1860,49,12.0
738,2025-03-03,Tarde,M2,480,118,1636,1562,74,12.6
739,2025-03-03,Tarde,M3,480,0,2025,1923,102,13.2
740,2025-03-03,Tarde,M4,480,53,1638,1569,69,13.8
741,2025-03-03,Noche,M1,480,11,2052,2018,34,12.0
742,2025-03-03,Noche,M2,480,25,1857,1829,28,12.6
743,2025-03-03,Noche,M3,480,88,1678,1602,76,13.2
744,2025-03-03,Noche,M4,480,0,1918,1873,45,13.8
745,2025-03-04,Mañana,M1,480,18,1880,1774,106,12.0
746,2025-03-04,Mañana,M2,480,0,2080,1984,96,12.6
747,2025-03-04,Mañana,M3,480,141,1478,1431,47,13.2
748,2025-03-04,Mañana,M4,480,0,1739,1650,89,13.8
749,2025-03-04,Tarde,M1,480,37,1820,1754,66,12.0
750,2025-03-04,Tarde,M2,480,0,2225,2163,62,12.6
751,2025-03-04,Tarde,M3,480,32,1862,1819,43,13.2
752,2025-03-04,Tarde,M4,480,5,1832,1735,97,13.8
753,2025-03-04,Noche,M1,480,54,1803,1710,93,12.0
754,2025-03-04,Noche,M2,480,5,1749,1652,97,12.6
755,2025-03-04,Noche,M3,480,43,1531,1458,73,13.2
756,2025-03-04,Noche,M4,480,9,1562,1501,61,13.8
757,2025-03-05,Mañana,M1,480,38,2074,2020,54,12.0
758,2025-03-05,Mañana,M2,480,5,2078,1993,85,12.6
759,2025-03-05,Mañana,M3,480,137,1394,1368,26,13.2
760,2025-03-05,Mañana,M4,480,0,1955,1879,76,13.8
761,2025-03-05,Tarde,M1,480,284,772,737,35,12.0
762,2025-03-05,Tarde,M2,480,0,1838,1775,63,12.6
763,2025-03-05,Tarde,M3,480,64,1635,1545,90,13.2
764,2025-03-05,Tarde,M4,480,0,1875,1835,40,13.8
765,2025-03-05,Noche,M1,480,0,2177,2091,86,12.0
766,2025-03-05,Noche,M2,480,97,1516,1459,57,12.6
767,2025-03-05,Noche,M3,480,76,1448,1364,84,13.2
768,2025-03-05,Noche,M4,480,46,1760,1730,30,13.8
769,2025-03-06,Mañana,M1,480,0,2155,2113,42,12.0
770,2025-03-06,Mañana,M2,480,0,1802,1701,101,12.6
771,2025-03-06,Mañana,M3,480,51,1581,1563,18,13.2
772,2025-03-06,Mañana,M4,480,297,722,706,16,13.8
773,2025-03-06,Tarde,M1,480,36,1860,1783,77,12.0
774,2025-03-06,Tarde,M2,480,64,1912,1803,109,12.6
775,2025-03-06,Tarde,M3,480,0,2075,1978,97,13.2
776,2025-03-06,Tarde,M4,480,109,1444,1378,66,13.8
777,2025-03-06,Noche,M1,480,21,2052,2017,35,12.0
778,2025-03-06,Noche,M2,480,15,1964,1934,30,12.6
779,2025-03-06,Noche,M3,480,0,2092,2043,49,13.2
780,2025-03-06,Noche,M4,480,196,1068,1015,53,13.8
781,2025-03-07,Mañana,M1,480,0,2339,2203,136,12.0
782,2025-03-07,Mañana,M2,480,0,1871,1843,28,12.6
783,2025-03-07,Mañana,M3,480,5,1789,1684,105,13.2
784,2025-03-07,Mañana,M4,480,108,1234,1215,19,13.8
785,2025-03-07,Tarde,M1,480,79,1963,1897,66,12.0
786,2025-03-07,Tarde,M2,480,47,1590,1573,17,12.6
787,2025-03-07,Tarde,M3,480,59,1576,1521,55,13.2
788,2025-03-07,Tarde,M4,480,0,2025,1919,106,13.8
789,2025-03-07,Noche,M1,480,22,1940,1851,89,12.0
790,2025-03-07,Noche,M2,480,25,1937,1838,99,12.6
791,2025-03-07,Noche,M3,480,27,1756,1696,60,13.2
792,2025-03-07,Noche,M4,480,0,1866,1814,52,13.8
793,2025-03-08,Mañana,M1,480,78,1596,1544,52,12.0
794,2025-03-08,Mañana,M2,480,68,1529,1485,44,12.6
795,2025-03-08,Mañana,M3,480,0,1948,1885,63,13.2
796,2025-03-08,Mañana,M4,480,23,1913,1826,87,13.8
797,2025-03-08,Tarde,M1,480,187,1323,1291,32,12.0
798,2025-03-08,Tarde,M2,480,11,2007,1963,44,12.6
799,2025-03-08,Tarde,M3,480,250,841,821,20,13.2
800,2025-03-08,Tarde,M4,480,95,1627,1583,44,13.8
801,2025-03-08,Noche,M1,480,52,1677,1647,30,12.0
802,2025-03-08,Noche,M2,480,40,1962,1904,58,12.6
803,2025-03-08,Noche,M3,480,206,991,942,49,13.2
804,2025-03-08,Noche,M4,480,199,928,913,15,13.8
805,2025-03-09,Mañana,M1,480,0,2112,1993,119,12.0
806,2025-03-09,Mañana,M2,480,17,2000,1930,70,12.6
807,2025-03-09,Mañana,M3,480,28,1615,1522,93,13.2
808,2025-03-09,Mañana,M4,480,8,1918,1821,97,13.8
809,2025-03-09,Tarde,M1,480,78,1903,1875,28,12.0
810,2025-03-09,Tarde,M2,480,0,1852,1753,99,12.6
811,2025-03-09,Tarde,M3,480,0,1997,1967,30,13.2
812,2025-03-09,Tarde,M4,480,5,1852,1812,40,13.8
813,2025-03-09,Noche,M1,480,47,1703,1627,76,12.0
814,2025-03-09,Noche,M2,480,33,2054,1981,73,12.6
815,2025-03-09,Noche,M3,480,23,1962,1861,101,13.2
816,2025-03-09,Noche,M4,480,17,1620,1540,80,13.8
817,2025-03-10,Mañana,M1,480,12,2265,2208,57,12.0
818,2025-03-10,Mañana,M2,480,0,1956,1907,49,12.6
819,2025-03-10,Mañana,M3,480,0,1798,1732,66,13.2
820,2025-03-10,Mañana,M4,480,67,1502,1468,34,13.8
821,2025-03-10,Tarde,M1,480,5,2168,2145,23,12.0
822,2025-03-10,Tarde,M2,480,10,2117,2075,42,12.6
823,2025-03-10,Tarde,M3,480,114,1436,1416,20,13.2
824,2025-03-10,Tarde,M4,480,0,2018,1900,118,13.8
825,2025-03-10,Noche,M1,480,189,1179,1128,51,12.0
826,2025-03-10,Noche,M2,480,0,1774,1756,18,12.6
827,2025-03-10,Noche,M3,480,53,1638,1546,92,13.2
828,2025-03-10,Noche,M4,480,111,1433,1351,82,13.8
829,2025-03-11,Mañana,M1,480,70,1878,1847,31,12.0
830,2025-03-11,Mañana,M2,480,12,1862,1820,42,12.6
831,2025-03-11,Mañana,M3,480,5,1689,1668,21,13.2
832,2025-03-11,Mañana,M4,480,10,1780,1713,67,13.8
833,2025-03-11,Tarde,M1,480,0,1909,1860,49,12.0
834,2025-03-11,Tarde,M2,480,157,1161,1103,58,12.6
835,2025-03-11,Tarde,M3,480,98,1676,1602,74,13.2
836,2025-03-11,Tarde,M4,480,0,1682,1595,87,13.8
837,2025-03-11,Noche,M1,480,0,1840,1757,83,12.0
838,2025-03-11,Noche,M2,480,70,1519,1474,45,12.6
839,2025-03-11,Noche,M3,480,25,1930,1843,87,13.2
840,2025-03-11,Noche,M4,480,0,1741,1715,26,13.8
841,2025-03-12,Mañana,M1,480,91,1633,1570,63,12.0
842,2025-03-12,Mañana,M2,480,68,1862,1761,101,12.6
843,2025-03-12,Mañana,M3,480,26,1906,1830,76,13.2
844,2025-03-12,Mañana,M4,480,0,1947,1858,89,13.8
845,2025-03-12,Tarde,M1,480,0,2056,2018,38,12.0
846,2025-03-12,Tarde,M2,480,15,1976,1891,85,12.6
847,2025-03-12,Tarde,M3,480,85,1411,1329,82,13.2
848,2025-03-12,Tarde,M4,480,132,1340,1283,57,13.8
849,2025-03-12,Noche,M1,480,5,2232,2147,85,12.0
850,2025-03-12,Noche,M2,480,107,1516,1491,25,12.6
851,2025-03-12,Noche,M3,480,58,1758,1714,44,13.2
852,2025-03-12,Noche,M4,480,16,1683,1622,61,13.8
853,2025-03-13,Mañana,M1,480,130,1603,1541,62,12.0
854,2025-03-13,Mañana,M2,480,21,1913,1860,53,12.6
855,2025-03-13,Mañana,M3,480,0,1733,1634,99,13.2
856,2025-03-13,Mañana,M4,480,5,1889,1820,69,13.8
857,2025-03-13,Tarde,M1,480,5,1885,1823,62,12.0
858,2025-03-13,Tarde,M2,480,31,2009,1947,62,12.6
859,2025-03-13,Tarde,M3,480,0,1773,1669,104,13.2
860,2025-03-13,Tarde,M4,480,55,1797,1731,66,13.8
861,2025-03-13,Noche,M1,480,25,1792,1729,63,12.0
862,2025-03-13,Noche,M2,480,150,1446,1372,74,12.6
863,2025-03-13,Noche,M3,480,65,1594,1519,75,13.2
864,2025-03-13,Noche,M4,480,45,1716,1624,92,13.8
865,2025-03-14,Mañana,M1,480,0,2282,2253,29,12.0
866,2025-03-14,Mañana,M2,480,75,1826,1772,54,12.6
867,2025-03-14,Mañana,M3,480,0,1849,1795,54,13.2
868,2025-03-14,Mañana,M4,480,145,1334,1258,76,13.8
869,2025-03-14,Tarde,M1,480,43,2002,1979,23,12.0
870,2025-03-14,Tarde,M2,480,129,1602,1571,31,12.6
871,2025-03-14,Tarde,M3,480,102,1394,1324,70,13.2
872,2025-03-14,Tarde,M4,480,0,1823,1799,24,13.8
873,2025-03-14,Noche,M1,480,179,1261,1222,39,12.0
874,2025-03-14,Noche,M2,480,13,1858,1838,20,12.6
875,2025-03-14,Noche,M3,480,0,2028,1988,40,13.2
876,2025-03-14,Noche,M4,480,0,1792,1774,18,13.8
877,2025-03-15,Mañana,M1,480,0,2245,2136,109,12.0
878,2025-03-15,Mañana,M2,480,121,1568,1476,92,12.6
879,2025-03-15,Mañana,M3,480,0,1749,1713,36,13.2
880,2025-03-15,Mañana,M4,480,294,611,580,31,13.8
881,2025-03-15,Tarde,M1,480,70,1655,1584,71,12.0
882,2025-03-15,Tarde,M2,480,117,1496,1471,25,12.6
883,2025-03-15,Tarde,M3,480,17,1582,1506,76,13.2
884,2025-03-15,Tarde,M4,480,63,1436,1381,55,13.8
885,2025-03-15,Noche,M1,480,0,1996,1907,89,12.0
886,2025-03-15,Noche,M2,480,16,1660,1637,23,12.6
887,2025-03-15,Noche,M3,480,75,1495,1453,42,13.2
888,2025-03-15,Noche,M4,480,97,1395,1322,73,13.8
889,2025-03-16,Mañana,M1,480,13,2245,2158,87,12.0
890,2025-03-16,Mañana,M2,480,17,1925,1816,109,12.6
891,2025-03-16,Mañana,M3,480,63,1508,1465,43,13.2
892,2025-03-16,Mañana,M4,480,47,1486,1412,74,13.8
893,2025-03-16,Tarde,M1,480,175,1349,1330,19,12.0
894,2025-03-16,Tarde,M2,480,80,1804,1778,26,12.6
895,2025-03-16,Tarde,M3,480,41,1558,1520,38,13.2
896,2025-03-16,Tarde,M4,480,73,1630,1602,28,13.8
897,2025-03-16,Noche,M1,480,0,1990,1890,100,12.0
898,2025-03-16,Noche,M2,480,88,1672,1635,37,12.6
899,2025-03-16,Noche,M3,480,142,1157,1124,33,13.2
900,2025-03-16,Noche,M4,480,70,1426,1364,62,13.8
901,2025-03-17,Mañana,M1,480,85,1618,1565,53,12.0
902,2025-03-17,Mañana,M2,480,160,1169,1109,60,12.6
903,2025-03-17,Mañana,M3,480,103,1466,1435,31,13.2
904,2025-03-17,Mañana,M4,480,69,1725,1693,32,13.8
905,2025-03-17,Tarde,M1,480,0,2114,2002,112,12.0
906,2025-03-17,Tarde,M2,480,72,1457,1410,47,12.6
907,2025-03-17,Tarde,M3,480,57,1873,1833,40,13.2
908,2025-03-17,Tarde,M4,480,50,1525,1454,71,13.8
909,2025-03-17,Noche,M1,480,20,2110,1997,113,12.0
910,2025-03-17,Noche,M2,480,73,1551,1500,51,12.6
911,2025-03-17,Noche,M3,480,93,1512,1487,25,13.2
912,2025-03-17,Noche,M4,480,30,1684,1624,60,13.8
913,2025-03-18,Mañana,M1,480,55,1791,1690,101,12.0
914,2025-03-18,Mañana,M2,480,0,1983,1873,110,12.6
915,2025-03-18,Mañana,M3,480,19,1648,1552,96,13.2
916,2025-03-18,Mañana,M4,480,5,1980,1942,38,13.8
917,2025-03-18,Tarde,M1,480,5,1905,1798,107,12.0
918,2025-03-18,Tarde,M2,480,152,1399,1380,19,12.6
919,2025-03-18,Tarde,M3,480,12,1878,1770,108,13.2
920,2025-03-18,Tarde,M4,480,12,1926,1865,61,13.8
921,2025-03-18,Noche,M1,480,0,1905,1813,92,12.0
922,2025-03-18,Noche,M2,480,17,1889,1782,107,12.6
923,2025-03-18,Noche,M3,480,5,1872,1811,61,13.2
924,2025-03-18,Noche,M4,480,63,1443,1426,17,13.8
925,2025-03-19,Mañana,M1,480,11,2191,2076,115,12.0
926,2025-03-19,Mañana,M2,480,13,1778,1735,43,12.6
927,2025-03-19,Mañana,M3,480,0,1826,1725,101,13.2
928,2025-03-19,Mañana,M4,480,62,1654,1585,69,13.8
929,2025-03-19,Tarde,M1,480,5,2298,2221,77,12.0
930,2025-03-19,Tarde,M2,480,102,1369,1317,52,12.6
931,2025-03-19,Tarde,M3,480,96,1317,1255,62,13.2
932,2025-03-19,Tarde,M4,480,77,1459,1405,54,13.8
933,2025-03-19,Noche,M1,480,92,1543,1482,61,12.0
934,2025-03-19,Noche,M2,480,0,1931,1859,72,12.6
935,2025-03-19,Noche,M3,480,90,1453,1408,45,13.2
936,2025-03-19,Noche,M4,480,132,1218,1192,26,13.8
937,2025-03-20,Mañana,M1,480,0,2312,2222,90,12.0
938,2025-03-20,Mañana,M2,480,85,1742,1695,47,12.6
939,2025-03-20,Mañana,M3,480,12,1697,1659,38,13.2
940,2025-03-20,Mañana,M4,480,45,1573,1499,74,13.8
941,2025-03-20,Tarde,M1,480,122,1584,1533,51,12.0
942,2025-03-20,Tarde,M2,480,15,1998,1900,98,12.6
943,2025-03-20,Tarde,M3,480,33,1619,1564,55,13.2
944,2025-03-20,Tarde,M4,480,70,1723,1661,62,13.8
945,2025-03-20,Noche,M1,480,10,1861,1809,52,12.0
946,2025-03-20,Noche,M2,480,25,1902,1813,89,12.6
947,2025-03-20,Noche,M3,480,67,1675,1633,42,13.2
948,2025-03-20,Noche,M4,480,0,1608,1518,90,13.8
949,2025-03-21,Mañana,M1,480,17,2181,2155,26,12.0
950,2025-03-21,Mañana,M2,480,10,2172,2084,88,12.6
951,2025-03-21,Mañana,M3,480,12,2026,1964,62,13.2
952,2025-03-21,Mañana,M4,480,77,1679,1652,27,13.8
953,2025-03-21,Tarde,M1,480,22,2215,2162,53,12.0
954,2025-03-21,Tarde,M2,480,50,1850,1820,30,12.6
955,2025-03-21,Tarde,M3,480,5,2082,1987,95,13.2
956,2025-03-21,Tarde,M4,480,19,1858,1830,28,13.8
957,2025-03-21,Noche,M1,480,66,1852,1769,83,12.0
958,2025-03-21,Noche,M2,480,15,1794,1755,39,12.6
959,2025-03-21,Noche,M3,480,100,1601,1569,32,13.2
960,2025-03-21,Noche,M4,480,30,1814,1776,38,13.8
961,2025-03-22,Mañana,M1,480,31,1944,1908,36,12.0
962,2025-03-22,Mañana,M2,480,67,1536,1481,55,12.6
963,2025-03-22,Mañana,M3,480,0,2105,2065,40,13.2
964,2025-03-22,Mañana,M4,480,31,1669,1639,30,13.8
965,2025-03-22,Tarde,M1,480,42,1927,1839,88,12.0
966,2025-03-22,Tarde,M2,480,110,1705,1652,53,12.6
967,2025-03-22,Tarde,M3,480,0,1858,1836,22,13.2
968,2025-03-22,Tarde,M4,480,18,1907,1825,82,13.8
969,2025-03-22,Noche,M1,480,60,1967,1864,103,12.0
970,2025-03-22,Noche,M2,480,41,1914,1853,61,12.6
971,2025-03-22,Noche,M3,480,5,2019,1991,28,13.2
972,2025-03-22,Noche,M4,480,0,1750,1691,59,13.8
973,2025-03-23,Mañana,M1,480,61,1582,1533,49,12.0
974,2025-03-23,Mañana,M2,480,18,1721,1651,70,12.6
975,2025-03-23,Mañana,M3,480,0,1889,1819,70,13.2
976,2025-03-23,Mañana,M4,480,20,1724,1676,48,13.8
977,2025-03-23,Tarde,M1,480,6,2261,2234,27,12.0
978,2025-03-23,Tarde,M2,480,165,1466,1449,17,12.6
979,2025-03-23,Tarde,M3,480,28,1889,1853,36,13.2
980,2025-03-23,Tarde,M4,480,71,1545,1503,42,13.8
981,2025-03-23,Noche,M1,480,47,1889,1781,108,12.0
982,2025-03-23,Noche,M2,480,18,2007,1893,114,12.6
983,2025-03-23,Noche,M3,480,15,1667,1587,80,13.2
984,2025-03-23,Noche,M4,480,45,1788,1728,60,13.8
985,2025-03-24,Mañana,M1,480,5,2273,2174,99,12.0
986,2025-03-24,Mañana,M2,480,5,1737,1674,63,12.6
987,2025-03-24,Mañana,M3,480,54,1758,1712,46,13.2
988,2025-03-24,Mañana,M4,480,0,2033,1984,49,13.8
989,2025-03-24,Tarde,M1,480,16,1826,1727,99,12.0
990,2025-03-24,Tarde,M2,480,52,1796,1742,54,12.6
991,2025-03-24,Tarde,M3,480,105,1347,1294,53,13.2
992,2025-03-24,Tarde,M4,480,78,1505,1450,55,13.8
993,2025-03-24,Noche,M1,480,56,1685,1611,74,12.0
994,2025-03-24,Noche,M2,480,9,1734,1690,44,12.6
995,2025-03-24,Noche,M3,480,10,2042,2001,41,13.2
996,2025-03-24,Noche,M4,480,45,1451,1427,24,13.8
997,2025-03-25,Mañana,M1,480,24,1844,1766,78,12.0
998,2025-03-25,Mañana,M2,480,0,1996,1933,63,12.6
999,2025-03-25,Mañana,M3,480,170,1253,1216,37,13.2
1000,2025-03-25,Mañana,M4,480,9,1966,1911,55,13.8
1001,2025-03-25,Tarde,M1,480,15,2072,2017,55,12.0
1002,2025-03-25,Tarde,M2,480,17,1855,1791,64,12.6
1003,2025-03-25,Tarde,M3,480,14,1755,1726,29,13.2
1004,2025-03-25,Tarde,M4,480,22,1686,1589,97,13.8
1005,2025-03-25,Noche,M1,480,47,1662,1640,22,12.0
1006,2025-03-25,Noche,M2,480,23,2049,2016,33,12.6
1007,2025-03-25,Noche,M3,480,0,1915,1806,109,13.2
1008,2025-03-25,Noche,M4,480,79,1643,1545,98,13.8
1009,2025-03-26,Mañana,M1,480,0,1862,1787,75,12.0
1010,2025-03-26,Mañana,M2,480,19,1929,1840,89,12.6
1011,2025-03-26,Mañana,M3,480,15,1896,1853,43,13.2
1012,2025-03-26,Mañana,M4,480,0,1622,1588,34,13.8
1013,2025-03-26,Tarde,M1,480,110,1719,1681,38,12.0
1014,2025-03-26,Tarde,M2,480,58,1813,1785,28,12.6
1015,2025-03-26,Tarde,M3,480,89,1570,1499,71,13.2
1016,2025-03-26,Tarde,M4,480,53,1615,1593,22,13.8
1017,2025-03-26,Noche,M1,480,0,2263,2159,104,12.0
1018,2025-03-26,Noche,M2,480,14,1670,1571,99,12.6
1019,2025-03-26,Noche,M3,480,39,1920,1871,49,13.2
1020,2025-03-26,Noche,M4,480,12,1624,1583,41,13.8
1021,2025-03-27,Mañana,M1,480,0,2297,2229,68,12.0
1022,2025-03-27,Mañana,M2,480,61,1942,1881,61,12.6
1023,2025-03-27,Mañana,M3,480,87,1520,1437,83,13.2
1024,2025-03-27,Mañana,M4,480,189,1043,1001,42,13.8
1025,2025-03-27,Tarde,M1,480,0,1813,1755,58,12.0
1026,2025-03-27,Tarde,M2,480,8,2041,1969,72,12.6
1027,2025-03-27,Tarde,M3,480,0,1796,1725,71,13.2
1028,2025-03-27,Tarde,M4,480,0,1635,1613,22,13.8
1029,2025-03-27,Noche,M1,480,79,1800,1720,80,12.0
1030,2025-03-27,Noche,M2,480,135,1259,1244,15,12.6
1031,2025-03-27,Noche,M3,480,157,1125,1065,60,13.2
1032,2025-03-27,Noche,M4,480,68,1514,1447,67,13.8
1033,2025-03-28,Mañana,M1,480,83,1783,1734,49,12.0
1034,2025-03-28,Mañana,M2,480,0,1730,1665,65,12.6
1035,2025-03-28,Mañana,M3,480,25,1989,1927,62,13.2
1036,2025-03-28,Mañana,M4,480,129,1334,1286,48,13.8
1037,2025-03-28,Tarde,M1,480,0,1800,1710,90,12.0
1038,2025-03-28,Tarde,M2,480,0,2047,1933,114,12.6
1039,2025-03-28,Tarde,M3,480,0,1970,1943,27,13.2
1040,2025-03-28,Tarde,M4,480,10,1750,1681,69,13.8
1041,2025-03-28,Noche,M1,480,0,2209,2154,55,12.0
1042,2025-03-28,Noche,M2,480,5,1917,1875,42,12.6
1043,2025-03-28,Noche,M3,480,55,1536,1474,62,13.2
1044,2025-03-28,Noche,M4,480,0,1753,1673,80,13.8
1045,2025-03-29,Mañana,M1,480,26,2072,2026,46,12.0
1046,2025-03-29,Mañana,M2,480,18,2056,1944,112,12.6
1047,2025-03-29,Mañana,M3,480,45,1638,1546,92,13.2
1048,2025-03-29,Mañana,M4,480,0,1844,1775,69,13.8
1049,2025-03-29,Tarde,M1,480,0,2036,1950,86,12.0
1050,2025-03-29,Tarde,M2,480,10,1798,1757,41,12.6
1051,2025-03-29,Tarde,M3,480,0,1698,1598,100,13.2
1052,2025-03-29,Tarde,M4,480,57,1740,1701,39,13.8
1053,2025-03-29,Noche,M1,480,0,1923,1899,24,12.0
1054,2025-03-29,Noche,M2,480,0,1941,1900,41,12.6
1055,2025-03-29,Noche,M3,480,141,1356,1319,37,13.2
1056,2025-03-29,Noche,M4,480,18,1902,1794,108,13.8
1057,2025-03-30,Mañana,M1,480,10,1985,1945,40,12.0
1058,2025-03-30,Mañana,M2,480,18,2000,1942,58,12.6
1059,2025-03-30,Mañana,M3,480,42,1874,1809,65,13.2
1060,2025-03-30,Mañana,M4,480,0,1571,1532,39,13.8
1061,2025-03-30,Tarde,M1,480,15,1816,1780,36,12.0
1062,2025-03-30,Tarde,M2,480,0,1818,1799,19,12.6
1063,2025-03-30,Tarde,M3,480,12,1764,1715,49,13.2
1064,2025-03-30,Tarde,M4,480,0,1968,1946,22,13.8
1065,2025-03-30,Noche,M1,480,45,2042,2001,41,12.0
1066,2025-03-30,Noche,M2,480,5,1958,1860,98,12.6
1067,2025-03-30,Noche,M3,480,18,1811,1770,41,13.2
1068,2025-03-30,Noche,M4,480,290,644,612,32,13.8
1069,2025-03-31,Mañana,M1,480,13,2039,2014,25,12.0
1070,2025-03-31,Mañana,M2,480,0,1842,1761,81,12.6
1071,2025-03-31,Mañana,M3,480,0,1693,1642,51,13.2
1072,2025-03-31,Mañana,M4,480,212,1105,1052,53,13.8
1073,2025-03-31,Tarde,M1,480,0,2253,2144,109,12.0
1074,2025-03-31,Tarde,M2,480,5,1961,1885,76,12.6
1075,2025-03-31,Tarde,M3,480,20,2001,1965,36,13.2
1076,2025-03-31,Tarde,M4,480,39,1849,1805,44,13.8
1077,2025-03-31,Noche,M1,480,5,2269,2187,82,12.0
1078,2025-03-31,Noche,M2,480,100,1552,1491,61,12.6
1079,2025-03-31,Noche,M3,480,0,1774,1754,20,13.2
1080,2025-03-31,Noche,M4,480,157,1121,1072,49,13.8
